City,Cloudiness,Country,Date,Humidity,Lat,Lng,Max Temp,Wind Speed
Sur,0,OM,1650150605,40,22.5667,59.5289,86.05,5.66
Meulaboh,41,ID,1650150605,88,4.1363,96.1285,77.32,3.2
Bluff,90,NZ,1650150606,65,-46.6,168.3333,50.81,6.38
Burnie,100,AU,1650150606,90,-41.0667,145.9167,61.95,6.73
Kapaa,75,US,1650150606,83,22.0752,-159.319,82.38,24.16
Souillac,44,MU,1650150607,85,-20.5167,57.5167,76.48,13.8
Dikson,100,RU,1650150607,94,73.5069,80.5464,10.15,15.37
Batouri,70,CM,1650150607,76,4.4333,14.3667,73.54,2.98
Carnarvon,100,AU,1650150607,78,-24.8667,113.6333,73.47,13.8
Kachug,96,RU,1650150608,89,53.9606,105.8817,35.4,2.44
Mataura,73,NZ,1650150609,61,-46.1927,168.8643,50.49,4.56
Novobelokatay,91,RU,1650150609,83,55.7062,58.9549,30.27,3.53
Ushuaia,84,AR,1650150609,77,-54.8,-68.3,38.48,4.9
Qaanaaq,40,GL,1650150609,78,77.484,-69.3632,-15.54,6.04
Hobart,0,AU,1650150318,78,-42.8794,147.3294,63.27,5.75
Vaini,40,TO,1650150610,79,-21.2,-175.2,84.36,8.05
Aksu,15,CN,1650150610,18,41.1231,80.2644,51.91,7.36
Hualmay,99,PE,1650150610,80,-11.0964,-77.6139,67.84,12.41
Jamestown,20,US,1650150610,47,42.097,-79.2353,42.53,13.8
Tasiilaq,100,GL,1650150611,97,65.6145,-37.6368,35.76,12.5
Butaritari,26,KI,1650150611,77,3.0707,172.7902,81.59,13.15
Geraldton,90,AU,1650150480,77,-28.7667,114.6,66.61,16.11
Punta Arenas,40,CL,1650150611,81,-53.15,-70.9167,46.51,10.36
Churapcha,99,RU,1650150611,91,62.0025,132.4325,21.85,1.7
Barrow,0,US,1650150612,78,71.2906,-156.7887,6.82,19.57
Pomabamba,65,PE,1650150612,58,-8.8333,-77.4667,57.58,3.09
Honiara,99,SB,1650150612,76,-9.4333,159.95,82.67,3.8
Port Alfred,100,ZA,1650150613,89,-33.5906,26.891,61.18,10.74
Beled,25,HU,1650150613,58,47.4659,17.0929,43.99,15.1
Norman Wells,86,CA,1650150613,68,65.282,-126.8329,17.19,3.31
Carthage,40,TN,1650150613,77,36.8611,10.3316,58.53,9.22
Rikitea,7,PF,1650150613,70,-23.1203,-134.9692,78.49,13.67
New Norfolk,100,AU,1650150614,70,-42.7826,147.0587,62.92,3.58
Dingle,50,PH,1650150614,86,10.9995,122.6711,78.28,5.46
Albany,100,US,1650150615,90,42.6001,-73.9662,39.56,2.3
Pevek,100,RU,1650150615,91,69.7008,170.3133,7.5,6.22
Hithadhoo,65,MV,1650150616,66,-0.6,73.0833,82.9,6.71
Waingapu,72,ID,1650150616,84,-9.6567,120.2641,80.94,6.17
Saint-Philippe,53,RE,1650150616,78,-21.3585,55.7679,74.79,10.04
Port Elizabeth,98,ZA,1650150616,85,-33.918,25.5701,62.31,13.0
Ko Samui,91,TH,1650150617,78,9.5357,99.9357,83.23,7.92
Tuktoyaktuk,35,CA,1650150617,79,69.4541,-133.0374,5.7,5.12
Coquimbo,75,CL,1650150618,94,-29.9533,-71.3436,56.93,8.05
Morondava,36,MG,1650150618,86,-20.2833,44.2833,80.91,4.47
Goragorskiy,4,RU,1650150618,78,43.5031,45.0792,44.64,4.12
Puerto Ayora,75,EC,1650150618,82,-0.7393,-90.3518,77.63,8.41
Bairnsdale,48,AU,1650150581,59,-37.8333,147.6167,65.44,4.61
Tooele,75,US,1650150619,66,40.5308,-112.2983,52.45,6.91
Busselton,21,AU,1650150619,72,-33.65,115.3333,56.93,8.86
Saint Paul Harbor,100,US,1650150620,75,57.79,-152.4072,40.51,14.97
Rustenburg,99,ZA,1650150620,87,-25.6676,27.2421,58.41,8.03
Castro,0,BR,1650150620,87,-24.7911,-50.0119,53.4,3.13
Yellowknife,79,CA,1650150620,47,62.456,-114.3525,14.56,8.99
Codrington,100,AU,1650150621,38,-38.2667,141.9667,71.28,22.1
Fortuna,0,US,1650150622,57,40.5982,-124.1573,56.93,12.66
Nosy Varika,13,MG,1650150623,91,-20.5833,48.5333,72.39,3.53
Manaus,75,BR,1650150623,94,-3.1019,-60.025,77.5,5.75
Alofi,25,NU,1650150623,75,-19.0595,-169.9187,81.54,10.58
Nikolskoye,68,RU,1650150623,82,59.7035,30.7861,34.81,2.84
Stornoway,75,GB,1650150624,82,58.2093,-6.3865,50.94,12.66
Grindavik,75,IS,1650150625,93,63.8424,-22.4338,46.87,16.11
São João da Barra,67,BR,1650150625,69,-21.6403,-41.0511,71.53,13.13
Iquique,21,CL,1650150625,79,-20.2208,-70.1431,64.44,5.1
Hermanus,2,ZA,1650150626,78,-34.4187,19.2345,57.79,16.78
Arraial do Cabo,0,BR,1650150626,78,-22.9661,-42.0278,73.26,11.5
Cockburn Town,75,TC,1650150627,73,21.4612,-71.1419,78.76,18.41
Dwārka,1,IN,1650150627,77,22.2394,68.9678,79.65,11.99
George Town,20,MY,1650150387,89,5.4112,100.3354,80.53,0.0
Avarua,100,CK,1650150627,78,-21.2078,-159.775,80.65,9.22
Kamenka,100,RU,1650150627,79,51.3223,42.7678,50.92,12.64
Río Esteban,85,HN,1650150628,69,15.8333,-86.3,86.05,8.28
Isangel,12,VU,1650150628,68,-19.55,169.2667,84.09,5.32
Dunedin,80,NZ,1650150622,62,-45.8742,170.5036,55.8,8.99
Naryan-Mar,97,RU,1650150502,97,67.6713,53.087,14.11,5.88
Bredasdorp,0,ZA,1650150629,79,-34.5322,20.0403,57.07,8.3
Cabo San Lucas,75,MX,1650150629,16,22.8909,-109.9124,87.62,11.5
General Roca,23,AR,1650150630,47,-39.0333,-67.5833,62.62,12.3
Atuona,18,PF,1650150630,79,-9.8,-139.0333,79.41,15.79
Upernavik,29,GL,1650150630,95,72.7868,-56.1549,-10.84,10.92
Erzin,13,TR,1650150631,57,36.9559,36.2,58.68,4.18
Hong Kong,100,HK,1650150606,77,22.2855,114.1577,70.18,11.99
Velizh,33,RU,1650150631,87,55.6056,31.1967,30.22,8.37
Longyearbyen,75,SJ,1650150631,68,78.2186,15.6401,22.84,8.05
Zermatt,4,CH,1650150632,80,46.0213,7.7491,43.0,1.48
Bengkulu,100,ID,1650150632,88,-3.8004,102.2655,76.6,3.67
Jalu,68,LY,1650150632,30,29.0331,21.5482,72.59,17.05
Cartagena,40,CO,1650150632,79,10.3997,-75.5144,83.82,6.91
Calhoun,100,US,1650150633,44,42.2506,-85.0005,37.98,10.36
Tegul'det,100,RU,1650150633,77,57.3064,88.1667,45.7,9.64
Ribeira Grande,22,PT,1650150633,77,38.5167,-28.7,60.1,17.02
Talcahuano,0,CL,1650150635,72,-36.7167,-73.1167,56.88,4.61
Marrakesh,0,MA,1650150635,38,31.6315,-8.0083,73.47,5.75
Saldanha,0,ZA,1650150635,64,-33.0117,17.9442,59.9,11.99
Vanavara,100,RU,1650150635,97,60.34,102.2797,37.72,10.69
Touros,59,BR,1650150636,80,-5.1989,-35.4608,80.44,7.31
Tiksi,56,RU,1650150636,94,71.6872,128.8694,-2.69,4.92
Vila,78,PT,1650150636,85,42.0304,-8.1588,48.7,2.77
Severo-Kuril'sk,100,RU,1650150636,71,50.6789,156.125,32.13,10.63
Viedma,8,AR,1650150636,75,-40.8135,-62.9967,57.61,12.01
Kaitangata,82,NZ,1650150637,59,-46.2817,169.8464,52.07,5.19
Chumikan,100,RU,1650150637,81,54.7183,135.315,26.35,2.39
South River,80,US,1650150637,59,40.4465,-74.386,68.38,13.24
Santa Isabel Rio Negro,73,BR,1650150637,87,-0.4139,-65.0192,75.27,2.21
Cidreira,100,BR,1650150638,72,-30.1811,-50.2056,65.84,7.49
Olafsvik,100,IS,1650150638,97,64.8945,-23.7142,43.92,12.39
Salalah,20,OM,1650150638,89,17.0151,54.0924,80.69,1.14
Airai,54,TL,1650150638,85,-8.9266,125.4092,63.95,1.61
Ciudad Bolivar,69,VE,1650150639,42,8.1222,-63.5497,90.19,14.03
Iqaluit,100,CA,1650150639,78,63.7506,-68.5145,9.7,1.61
Pimenta Bueno,15,BR,1650150639,96,-11.6725,-61.1936,74.05,2.93
Del Rio,0,US,1650150639,43,29.3627,-100.8968,93.31,9.22
Ahipara,100,NZ,1650150640,70,-35.1667,173.1667,68.2,14.54
Kyren,70,RU,1650150640,61,51.6828,102.1408,36.01,3.0
Datong,100,CN,1650150641,27,40.0936,113.2914,51.04,1.99
Cayenne,40,GF,1650150641,1,4.9333,-52.3333,81.09,5.01
East London,100,ZA,1650150641,80,-33.0153,27.9116,62.1,7.92
Ponta do Sol,100,PT,1650150641,39,32.6667,-17.1,72.23,7.0
Bambous Virieux,52,MU,1650150641,83,-20.3428,57.7575,77.22,14.65
Richards Bay,100,ZA,1650150642,88,-28.783,32.0377,63.37,5.95
Esmeraldas,34,BR,1650150642,71,-19.7625,-44.3139,70.66,5.01
Chabahar,12,IR,1650150642,68,25.2919,60.643,81.99,9.95
Srednekolymsk,99,RU,1650150643,91,67.45,153.6833,13.69,5.57
Buala,99,SB,1650150644,75,-8.145,159.5921,82.29,4.88
Thunder Bay,100,CA,1650150644,65,48.4001,-89.3168,30.29,1.99
Clyde River,99,CA,1650150644,98,70.4692,-68.5914,-10.44,2.46
Khandyga,96,RU,1650150644,87,62.6667,135.6,16.47,0.69
Hasaki,85,JP,1650150645,55,35.7333,140.8333,50.4,7.94
Necochea,89,AR,1650150645,71,-38.5473,-58.7368,59.25,4.81
Kahului,40,US,1650150645,74,20.8947,-156.47,77.02,24.16
San Jose,20,US,1650150644,61,37.3394,-121.895,66.69,16.11
Ayan,92,RU,1650150646,77,56.45,138.1667,24.58,10.94
Bethel,100,US,1650150646,84,41.3712,-73.414,56.53,6.91
Santa Cruz de la Sierra,75,BO,1650150646,60,-17.8,-63.1667,71.65,8.05
Hilo,100,US,1650150646,92,19.7297,-155.09,74.28,9.22
Nekā,100,IR,1650150647,90,36.6508,53.299,50.94,4.41
Nzega,100,RW,1650150647,94,-2.479,29.5564,54.19,4.25
Medvedka,13,RU,1650150647,97,61.1629,46.387,21.83,3.0
Maués,99,BR,1650150394,98,-3.3836,-57.7186,75.07,1.14
Cape Town,0,ZA,1650150647,70,-33.9258,18.4232,59.92,11.99
Beloha,14,MG,1650150648,96,-25.1667,45.05,72.05,5.97
Fethiye,91,TR,1650150648,49,36.6217,29.1164,55.27,4.68
Mach,61,PK,1650150648,11,29.8637,67.3298,77.67,6.22
Galle,75,LK,1650150601,80,6.0367,80.217,80.42,4.97
Aklavik,16,CA,1650150648,75,68.2191,-135.0107,14.45,12.3
Kieta,100,PG,1650150649,75,-6.2167,155.6333,82.8,2.39
Vieques,40,PR,1650150649,78,18.425,-65.8329,80.64,9.22
Lorengau,34,PG,1650150649,76,-2.0226,147.2712,83.07,5.77
Nanortalik,11,GL,1650150649,87,60.1432,-45.2371,29.26,10.56
Port Blair,53,IN,1650150650,69,11.6667,92.75,82.42,1.68
Katsuura,99,JP,1650150360,60,35.1333,140.3,56.84,10.02
Nyurba,91,RU,1650150650,87,63.2842,118.3319,19.51,6.31
Tuatapere,76,NZ,1650150650,63,-46.1333,167.6833,51.87,4.07
Mariental,3,NA,1650150651,58,-24.6333,17.9667,65.01,11.83
Hulan Ergi,51,CN,1650150651,28,47.2042,123.6333,40.87,8.08
Yārāda,78,IN,1650150651,88,17.65,83.2667,81.46,11.34
Amga,100,RU,1650150651,89,60.8953,131.9608,24.19,4.9
Tokonou,99,GN,1650150651,57,9.65,-9.7833,79.97,5.64
Yerbogachën,100,RU,1650150652,98,61.2767,108.0108,36.05,9.6
Narsaq,5,GL,1650150652,84,60.9167,-46.05,35.82,3.74
São Filipe,36,CV,1650150652,80,14.8961,-24.4956,70.56,9.95
San Juan,0,AR,1650150652,36,-31.5375,-68.5364,69.3,10.47
Provincie Utrecht,18,NL,1650150646,54,52.0,5.25,50.09,5.01
Karratha,30,AU,1650150653,45,-20.7377,116.8463,83.08,3.65
Erenhot,91,CN,1650150395,30,43.6475,111.9767,44.49,5.93
Nouakchott,2,MR,1650150654,88,18.0858,-15.9785,60.73,14.94
Bathsheba,40,BB,1650150654,69,13.2167,-59.5167,79.41,16.11
Kruisfontein,97,ZA,1650150654,87,-34.0033,24.7314,59.88,3.53
Chui,40,UY,1650150655,80,-33.6971,-53.4616,59.47,6.24
Palatka,42,US,1650150655,67,29.6486,-81.6376,81.45,8.28
Rincon,75,US,1650150655,64,32.296,-81.2354,76.96,6.91
Bereda,40,ES,1650150655,100,43.2686,-7.5406,54.41,2.01
Abalak,100,RU,1650150655,92,58.1286,68.5944,37.22,7.11
Lüderitz,0,NA,1650150605,61,-26.6481,15.1594,62.67,12.28
Saint George,40,US,1650150656,13,37.1041,-113.5841,78.26,26.46
Batagay-Alyta,92,RU,1650150656,94,67.8006,130.4114,3.69,2.68
Lucea,9,JM,1650150656,74,18.451,-78.1736,77.86,4.07
Mvuma,100,ZW,1650150657,90,-19.2792,30.5283,62.29,7.4
Provideniya,91,RU,1650150658,91,64.3833,-173.3,32.31,12.55
Lebu,37,CL,1650150659,88,-37.6167,-73.65,54.48,12.06
Saurimo,86,AO,1650150659,97,-9.6608,20.3916,64.74,3.38
Tabas,69,IR,1650150659,37,33.5959,56.9244,70.84,4.83
Oktyabr'skiy,70,RU,1650150660,85,54.4815,53.471,33.17,4.38
Thompson,100,CA,1650150660,58,55.7435,-97.8558,25.57,3.04
Yulara,6,AU,1650150408,49,-25.2406,130.9889,71.44,11.5
Talnakh,100,RU,1650150661,94,69.4865,88.3972,16.43,11.03
Bundaberg,75,AU,1650150661,71,-24.85,152.35,73.22,17.27
Sępólno Krajeńskie,77,PL,1650150661,74,53.452,17.5317,27.88,6.4
Opovo,20,RS,1650150661,66,45.0522,20.4303,46.47,18.41
Samarai,100,PG,1650150662,75,-10.6167,150.6667,82.24,4.9
Port Hardy,2,CA,1650150662,54,50.6996,-127.4199,45.93,11.59
Cherskiy,100,RU,1650150621,91,68.75,161.3,19.92,10.13
Lerwick,100,GB,1650150662,97,60.1545,-1.1494,44.6,20.62
Bara,44,NG,1650150662,45,10.3744,10.7288,86.14,9.53
Khatanga,97,RU,1650150663,97,71.9667,102.5,17.35,6.44
Mokshan,99,RU,1650150663,87,53.4365,44.6132,52.2,10.83
Nishihara,75,JP,1650150640,65,26.1842,127.7558,67.28,8.05
Mar del Plata,0,AR,1650150663,90,-38.0023,-57.5575,63.88,3.44
Henties Bay,11,NA,1650150664,80,-22.116,14.2845,60.44,2.84
Kosh-Agach,0,RU,1650150666,37,50.0,88.6667,29.62,2.44
Płońsk,53,PL,1650150667,84,52.6235,20.3755,37.85,8.14
Mareeba,100,AU,1650150667,77,-17.0,145.4333,77.67,4.03
La Ronge,100,CA,1650150667,72,55.1001,-105.2842,29.01,5.77
Byron Bay,74,AU,1650150667,83,-28.65,153.6167,64.81,7.49
Pombia,59,IT,1650150667,69,45.653,8.6336,57.13,4.41
Birao,69,CF,1650150668,34,10.2849,22.7882,84.06,4.52
Mayumba,46,GA,1650150668,91,-3.432,10.6554,77.58,2.86
Esperance,80,AU,1650150668,74,-33.8667,121.9,61.66,13.18
Eucaliptus,13,BO,1650150669,25,-17.5833,-67.5167,52.81,6.31
Flin Flon,100,CA,1650150669,56,54.7682,-101.865,29.32,2.57
Maridi,100,SS,1650150669,80,4.9158,29.4742,69.66,3.22
Torbay,4,CA,1650150670,50,47.6666,-52.7314,48.88,18.63
Opportunity,100,US,1650150671,37,47.6499,-117.2399,48.49,4.61
Lavrentiya,99,RU,1650150672,93,65.5833,-171.0,29.55,10.78
Ovsyanka,94,RU,1650150672,84,55.9575,92.5519,47.37,6.4
Pacific Grove,75,US,1650150604,79,36.6177,-121.9166,62.89,8.05
Klaksvík,100,FO,1650150673,95,62.2266,-6.589,47.32,21.34
San Patricio,94,US,1650150675,65,28.017,-97.5169,86.72,14.67
Wairoa,98,NZ,1650150676,70,-39.0333,177.3667,62.55,8.01
Krasnyy Chikoy,9,RU,1650150676,78,50.3643,108.7512,34.56,2.91
Krasnosel'kup,100,RU,1650150677,92,65.7,82.4667,20.73,18.5
Belmonte,100,BR,1650150677,87,-15.8631,-38.8828,76.6,13.96
Haines Junction,100,CA,1650150678,62,60.7522,-137.5108,34.07,0.51
Agirish,100,RU,1650150678,98,61.9247,63.0231,25.18,1.23
Namatanai,98,PG,1650150679,72,-3.6667,152.4333,83.25,4.92
Port Lincoln,100,AU,1650150679,87,-34.7333,135.8667,65.17,9.22
Zhigansk,89,RU,1650150679,99,66.7697,123.3711,3.43,10.31
Ketchikan,20,US,1650150680,29,55.3422,-131.6461,50.47,4.61
Opuwo,52,NA,1650150680,42,-18.0607,13.84,70.36,3.91
Cairns,75,AU,1650150681,78,-16.9167,145.7667,81.07,11.5
Kutum,32,SD,1650150681,10,14.2,24.6667,74.23,1.43
Neustadt an der Waldnaab,0,DE,1650150681,80,49.7117,12.0872,36.16,0.0
Strezhevoy,100,RU,1650150681,90,60.7333,77.5889,30.02,11.01
Ilulissat,4,GL,1650150682,92,69.2167,-51.1,-3.51,4.94
Sørland,100,NO,1650150682,98,67.667,12.6934,42.51,18.32
Kumul,0,CN,1650150682,26,42.8,93.45,49.8,7.27
Malibu,0,US,1650150682,85,34.005,-118.8101,72.16,3.0
Kapit,100,MY,1650150683,99,2.0167,112.9333,73.85,1.86
La Paz,19,BO,1650150683,19,-16.5,-68.15,57.18,5.75
Taos,0,US,1650150684,9,36.4072,-105.5731,68.4,23.0
Ejby,37,DK,1650150684,81,55.4858,12.0817,40.71,0.0
Øksfjord,100,NO,1650150684,98,70.2396,22.3479,45.0,21.65
Faanui,7,PF,1650150684,72,-16.4833,-151.75,81.73,14.56
Kayseri Province,0,TR,1650150685,75,38.737,35.4968,37.42,5.75
Yantal',100,RU,1650150685,93,56.8471,105.2542,38.64,5.53
Ulladulla,8,AU,1650150685,67,-35.35,150.4667,66.47,5.46
Stokmarknes,100,NO,1650150685,93,68.5646,14.9108,40.98,4.61
Neiafu,40,TO,1650150686,79,-18.65,-173.9833,84.88,11.5
Los Amates,76,GT,1650150686,73,15.2667,-89.1,83.41,4.52
Sakaiminato,67,JP,1650150560,38,35.55,133.2333,51.28,4.16
Yar-Sale,95,RU,1650150686,91,66.8333,70.8333,10.99,13.44
Baharly,100,TM,1650150687,70,38.4362,57.4316,59.4,12.71
Salinópolis,100,BR,1650150687,87,-0.6136,-47.3561,78.55,8.66
Goundam,92,ML,1650150687,11,16.4145,-3.6708,82.04,9.33
Honningsvåg,100,NO,1650150688,87,70.9821,25.9704,38.95,39.12
Hobyo,27,SO,1650150557,76,5.3505,48.5268,82.42,14.36
Brumadinho,21,BR,1650150688,80,-20.1433,-44.1997,62.67,5.06
Macomb,0,US,1650150689,34,40.4592,-90.6718,51.03,10.36
Wanaka,100,NZ,1650150687,68,-44.7,169.15,48.11,1.01
Chiredzi,100,ZW,1650150690,93,-21.05,31.6667,67.28,10.02
Zeya,20,RU,1650150690,50,53.75,127.2667,32.2,5.03
Novikovo,100,RU,1650150690,92,51.1537,37.8879,48.81,5.88
Lobito,100,AO,1650150690,87,-12.3481,13.5456,76.82,0.81
Iranshahr,99,IR,1650150690,21,27.2025,60.6848,81.5,4.05
Inhambane,96,MZ,1650150691,89,-23.865,35.3833,73.11,8.05
Vardø,100,NO,1650150691,83,70.3705,31.1107,38.86,28.27
Portland,75,US,1650150691,62,45.5234,-122.6762,55.53,8.99
Yashkul',100,RU,1650150691,48,46.1711,45.3435,59.41,7.16
Rostovka,100,RU,1650150692,68,55.3842,71.8891,44.33,7.99
Leningradskiy,64,RU,1650150692,90,69.3833,178.4167,10.35,8.95
Nsanje,13,MW,1650150692,98,-16.92,35.262,71.71,2.8
Huicungo,85,PE,1650150692,76,-7.2833,-76.8,78.75,0.72
Southbridge,100,US,1650150693,83,42.0751,-72.0334,60.93,3.0
Ulaangom,1,MN,1650150693,37,49.9811,92.0667,36.91,1.19
Hambantota,69,LK,1650150467,82,6.1241,81.1185,79.92,6.73
Katherine,78,AU,1650150693,73,-14.4667,132.2667,75.52,5.75
Tayu,80,ID,1650150693,89,-6.5397,111.0518,77.59,4.9
Berlevåg,100,NO,1650150694,89,70.8578,29.0864,37.2,33.08
Tangwani,70,PK,1650150694,8,28.2787,68.9972,87.13,8.1
Vilhena,20,BR,1650150694,93,-12.7406,-60.1458,69.96,3.04
Belaya Gora,93,RU,1650150695,92,68.5333,146.4167,11.53,3.38
Baykit,100,RU,1650150695,98,61.67,96.37,37.38,4.18
‘Āhuimanu,75,US,1650150695,79,21.4447,-157.8378,78.51,16.11
Formosa,0,AR,1650150695,68,-26.1775,-58.1781,67.98,0.0
Nhamundá,100,BR,1650150695,97,-2.1861,-56.7131,75.52,1.32
Mangai,99,CD,1650150696,90,-4.05,19.5333,72.25,1.28
Zhuhai,40,CN,1650150696,83,22.2769,113.5678,67.86,14.97
Brae,100,GB,1650150696,97,60.3964,-1.353,45.91,17.45
Padang,98,ID,1650150696,85,-0.9492,100.3543,77.05,4.0
Egvekinot,100,RU,1650150697,91,66.3167,-179.1667,20.12,9.89
Khanbari,1,NP,1650150697,31,27.3747,87.2039,66.49,4.81
Kenai,100,US,1650150697,58,60.5544,-151.2583,46.02,10.36
Asti,44,IT,1650150697,74,44.8979,8.2068,56.43,9.66
Cerinza,98,CO,1650150697,93,5.9557,-72.9478,55.2,1.41
Marovoay,0,MG,1650150698,72,-16.1,46.6333,75.99,5.79
Kongsberg,100,NO,1650150698,77,59.6652,9.6465,38.97,2.84
Ust'-Ishim,75,RU,1650150698,83,57.6935,71.1665,41.07,10.76
Altamira,83,BR,1650150699,96,-3.2033,-52.2064,74.44,2.01
Pandan,95,PH,1650150487,86,14.0453,124.1694,78.4,9.04
Sarkand,0,KZ,1650150699,22,45.41,79.9186,54.68,6.93
Goderich,59,CA,1650150700,69,43.7501,-81.7165,34.92,10.83
Kagadi,97,UG,1650150701,98,0.9606,30.7967,60.6,1.7
Odda,99,NO,1650150701,72,60.0691,6.5457,43.77,3.91
Trelew,0,AR,1650150701,64,-43.249,-65.3051,55.33,9.6
Panjāb,97,AF,1650150701,39,34.388,67.0233,50.97,3.29
Guararé,96,PA,1650150702,61,7.8167,-80.2833,81.19,10.74
Martapura,20,ID,1650150702,94,-3.4167,114.85,73.49,2.3
Pochutla,35,MX,1650150702,48,15.7432,-96.4661,89.82,9.64
Walvis Bay,1,NA,1650150702,74,-22.9575,14.5053,61.0,3.09
Waddān,17,LY,1650150703,56,29.1614,16.139,64.8,14.09
Punto Fijo,19,VE,1650150704,78,11.6956,-70.1996,79.3,32.7
Arica,0,CL,1650150704,72,-18.475,-70.3042,67.55,8.05
Plettenberg Bay,66,ZA,1650150705,79,-34.0527,23.3716,58.93,7.78
Palencia,1,ES,1650150705,74,42.4167,-4.5,53.1,7.09
Shangrao,100,CN,1650150705,87,28.4532,117.9686,50.83,2.62
Bowen,36,AU,1650150705,62,-20.0167,148.2333,76.77,12.84
Katangli,100,RU,1650150706,90,51.7102,143.2326,29.88,14.63
Sebina,100,BW,1650150706,96,-20.8667,27.25,61.93,12.86
Khojaly District,84,AZ,1650150706,68,39.913,46.7903,46.11,5.46
Filingué,90,NE,1650150706,33,14.3521,3.3168,87.17,14.25
Santa Rosa,96,PH,1650150616,73,14.3122,121.1114,82.38,8.79
Mufumbwe,100,ZM,1650150707,97,-13.6833,24.8,64.53,3.89
Acapulco de Juárez,0,MX,1650150707,61,16.8634,-99.8901,84.02,9.22
Shīeli,100,KZ,1650150707,56,44.1667,66.75,60.53,16.13
Byndoor,38,IN,1650150707,81,13.8667,74.6333,77.81,2.48
Bonthe,94,SL,1650150708,80,7.5264,-12.505,78.6,7.05
Ozinki,78,RU,1650150708,75,51.1786,49.6769,45.75,9.53
Paamiut,8,GL,1650150708,83,61.994,-49.6678,24.1,11.25
Nacala,5,MZ,1650150708,94,-14.5428,40.6728,74.89,5.79
Fayaoué,0,NC,1650150709,63,-20.65,166.5333,79.86,9.15
Wakkanai,91,JP,1650150709,89,45.4094,141.6739,44.19,21.72
Flinders,2,AU,1650150667,86,-34.5833,150.8552,68.38,8.99
Ancud,28,CL,1650150709,86,-41.8697,-73.8203,57.22,2.53
Agüimes,0,ES,1650150709,64,27.9054,-15.4461,66.83,17.27
San Francisco,20,US,1650150488,69,37.7749,-122.4194,67.44,20.0
Clarence Town,0,AU,1650150710,73,-32.5833,151.7833,68.86,1.72
Andenes,100,NO,1650150710,93,69.3143,16.1194,40.98,11.5
Port Hedland,12,AU,1650150710,61,-20.3167,118.5667,77.05,4.61
Mahébourg,51,MU,1650150710,83,-20.4081,57.7,77.25,14.65
Araouane,13,ML,1650150711,14,18.9048,-3.5265,77.07,9.91
Cravo Norte,99,CO,1650150712,80,6.3017,-70.2041,79.03,5.79
Panguipulli,4,CL,1650150712,82,-39.6333,-72.3333,55.47,2.93
Athabasca,100,CA,1650150712,61,54.7169,-113.2854,32.5,7.34
Port-Cartier,40,CA,1650150712,82,50.0334,-66.8654,35.53,8.43
Valdez,100,EC,1650150712,83,1.2492,-78.9831,79.16,10.58
Karla,0,EE,1650150713,80,59.3723,24.9275,30.16,0.0
Kamariótissa,100,GR,1650150713,65,40.4833,25.4667,59.54,8.55
Itarema,66,BR,1650150713,82,-2.9248,-39.9167,78.91,6.35
Abu Dhabi,0,AE,1650150713,55,24.4667,54.3667,86.02,4.61
Kambove,100,CD,1650150714,99,-10.8764,26.5969,62.46,2.19
Jennings,75,US,1650150714,34,38.7192,-90.2604,57.9,11.99
Kununurra,26,AU,1650150714,94,-15.7667,128.7333,76.98,3.44
Mount Gambier,100,AU,1650150714,37,-37.8333,140.7667,70.21,14.99
Miandrivazo,20,MG,1650150715,76,-19.5167,45.4667,79.79,2.66
Besleney,6,RU,1650150715,81,44.2405,41.7387,45.43,4.72
Iralaya,57,HN,1650150715,70,15.0,-83.2333,80.92,8.08
Saint-Pierre,75,RE,1650150715,77,-21.3393,55.4781,74.91,5.75
Sinnamary,96,GF,1650150715,84,5.3833,-52.95,78.26,11.14
Ambilobe,6,MG,1650150716,90,-13.2,49.05,70.79,3.51
Marzuq,0,YE,1650150716,41,14.4,46.4667,70.43,4.99
San-Pédro,95,CI,1650150716,87,4.7485,-6.6363,78.37,4.56
Benguela,100,AO,1650150716,87,-12.5763,13.4055,76.75,0.4
Lakatoro,47,VU,1650150717,69,-16.0999,167.4164,84.11,3.83
Udarnyy,100,RU,1650150717,97,54.3409,42.8611,38.59,6.53
Forsytheganj,100,BY,1650150717,96,52.6333,29.7333,35.01,14.83
San Miguel de Tucumán,75,AR,1650150717,73,-26.8241,-65.2226,68.0,2.3
Pacifica,20,US,1650150718,70,37.6138,-122.4869,65.64,19.57
Pisco,0,PE,1650150719,82,-13.7,-76.2167,64.45,19.57
Saskylakh,99,RU,1650150719,93,71.9167,114.0833,14.7,17.4
Gallup,0,US,1650150719,10,35.5281,-108.7426,72.36,27.63
Yei,99,SS,1650150719,83,4.095,30.6779,68.56,3.06
Havøysund,100,NO,1650150720,92,70.9963,24.6622,39.43,31.14
Tanete,99,ID,1650150720,94,-3.9443,119.7848,76.14,2.1
Avera,100,US,1650150720,84,33.194,-82.5271,69.31,1.36
Los Alamos,0,US,1650150720,7,35.8881,-106.307,72.43,19.57
Beringovskiy,100,RU,1650150720,98,63.05,179.3167,31.44,19.42
Merauke,100,ID,1650150721,85,-8.4667,140.3333,79.03,9.53
Noumea,0,NC,1650150721,99,-22.2763,166.4572,80.58,9.28
Kanbe,49,MM,1650150721,79,16.7053,96.0017,80.65,4.97
Xai-Xai,100,MZ,1650150721,90,-25.0519,33.6442,72.32,18.75
Karlstad,34,SE,1650150722,75,59.3793,13.5036,37.96,4.61
Lagoa,19,PT,1650150722,73,39.05,-27.9833,58.71,12.26
Catia La Mar,77,VE,1650150722,85,10.6038,-67.0303,79.83,11.7
Hope,100,US,1650150722,98,33.6671,-93.5916,69.08,10.29
Boende,26,CD,1650150723,93,-0.2167,20.8667,71.78,2.53
Anadyr,75,RU,1650150723,80,64.75,177.4833,34.3,13.42
Muros,98,ES,1650150723,90,42.7762,-9.0603,54.68,5.77
Kungurtug,39,RU,1650150723,89,50.5994,97.5228,24.37,2.06
Cabedelo,27,BR,1650150713,82,-6.9811,-34.8339,83.07,9.75
Gilbués,98,BR,1650150452,75,-9.8317,-45.3439,77.38,0.89
Santa Lucía,0,ES,1650150724,64,27.9117,-15.5407,61.92,17.27
Korla,0,CN,1650150725,15,41.7597,86.1469,47.89,2.75
Garoowe,49,SO,1650150726,72,8.4054,48.4845,77.5,7.76
Maumere,96,ID,1650150726,79,-8.6199,122.2111,81.23,2.48
Lubao,77,PH,1650150726,75,14.9167,120.55,82.11,5.28
Brooks,99,CA,1650150727,37,50.5834,-111.8851,38.03,10.94
Ambon City,20,ID,1650150493,94,-3.6954,128.1814,77.14,3.44
Te Anau,97,NZ,1650150628,70,-45.4167,167.7167,47.89,1.52
Chokurdakh,95,RU,1650150634,95,70.6333,147.9167,0.05,2.73
Faya,5,SA,1650150727,45,18.3851,42.4509,63.12,5.12
Prado,100,BR,1650150728,74,-17.3411,-39.2208,76.5,11.27
Husavik,100,IS,1650150728,85,66.0449,-17.3389,42.51,12.68
Floriano,34,BR,1650150581,78,-6.7669,-43.0225,79.7,4.59
Ribeira Brava,100,PT,1650150728,39,32.65,-17.0667,72.23,7.54
Gorontalo,69,ID,1650150478,92,0.5412,123.0595,77.27,3.83
Cobija,94,BO,1650150729,76,-11.0267,-68.7692,77.54,1.68
Baraboo,40,US,1650150729,50,43.4711,-89.7443,41.99,8.05
Dolores,50,AR,1650150729,89,-36.3132,-57.6792,56.82,7.63
Marawi,16,PH,1650150729,87,7.9986,124.2928,71.49,0.67
Kavaratti,18,IN,1650150730,73,10.5669,72.642,83.53,4.68
Novy Urengoy,100,RU,1650150730,92,66.0833,76.6333,12.4,16.51
Makkah al Mukarramah,0,SA,1650150465,37,21.4267,39.8261,80.53,1.97
Sakakah,5,SA,1650150731,18,29.9697,40.2064,65.68,8.12
Nuuk,13,GL,1650150731,68,64.1835,-51.7216,27.21,12.66
Kenora,98,CA,1650150731,39,49.8167,-94.4337,30.78,8.99
Banda Aceh,65,ID,1650150732,83,5.5577,95.3222,79.57,3.27
Tallahassee,100,US,1650150732,65,30.4383,-84.2807,79.0,4.61
Siedlce,34,PL,1650150732,81,52.1677,22.2901,34.63,8.41
Warwick,100,US,1650150733,78,41.7001,-71.4162,62.55,14.97
Jacqueville,100,CI,1650150733,84,5.2052,-4.4146,79.43,6.55
Hofn,100,IS,1650150733,99,64.2539,-15.2082,45.77,10.16
Thurso,100,GB,1650150733,84,58.5927,-3.5259,48.45,1.81
Drumheller,100,CA,1650150733,42,51.4617,-112.7101,42.06,11.45
Najrān,89,SA,1650150734,30,17.4924,44.1277,77.23,4.03
Taoudenni,0,ML,1650150734,20,22.6783,-3.9836,78.31,9.66
Half Moon Bay,0,US,1650150734,67,37.4636,-122.4286,66.45,19.57
Port-Gentil,20,GA,1650150735,89,-0.7193,8.7815,80.56,2.3
Grand Gaube,19,MU,1650150735,86,-20.0064,57.6608,77.38,5.99
Muzhi,97,RU,1650150735,84,65.3667,64.6667,14.45,8.28
Calama,0,CL,1650150735,14,-22.4667,-68.9333,61.29,10.36
Riyadh,9,SA,1650150735,34,24.6877,46.7219,71.74,8.7
Lata,22,PT,1650150736,92,40.1629,-8.3327,55.92,1.54
Constitución,3,CL,1650150737,82,-35.3333,-72.4167,54.12,7.49
Yingkou,0,CN,1650150737,51,40.6648,122.2283,50.23,9.01
Altay,0,CN,1650150737,33,47.8667,88.1167,40.91,7.87
Lompoc,100,US,1650150737,73,34.6391,-120.4579,70.79,13.0
Cuamba,2,MZ,1650150737,98,-14.8031,36.5372,66.97,2.15
Muisne,97,EC,1650150738,84,0.6,-80.0333,77.0,5.61
Lishui,100,CN,1650150738,90,28.4604,119.9103,52.48,0.87
Havelock,75,US,1650150738,88,34.8791,-76.9013,71.56,8.05
Poum,4,NC,1650150738,66,-20.2333,164.0167,78.33,6.53
Kaka,63,TM,1650150738,45,37.3482,59.6143,62.98,6.15
Kaputa,100,ZM,1650150739,91,-8.4689,29.6619,67.53,1.68
Sechura,18,PE,1650150739,64,-5.5569,-80.8222,73.96,18.23
Kulhudhuffushi,86,MV,1650150739,73,6.6221,73.07,83.68,7.27
Fairbanks,0,US,1650150740,33,64.8378,-147.7164,35.56,11.5
Tigil',95,RU,1650150740,89,57.8,158.6667,21.45,3.91
Nelson Bay,0,AU,1650150740,85,-32.7167,152.15,69.01,2.62
Rundu,86,NA,1650150741,88,-17.9333,19.7667,66.04,3.09
Nouadhibou,3,MR,1650150741,92,20.931,-17.0347,64.6,14.23
Chengde,52,CN,1650150529,25,40.9725,117.9361,50.94,3.06
Warrnambool,90,AU,1650150741,46,-38.3833,142.4833,70.81,18.5
Abbeville,4,FR,1650150742,87,50.1,1.8333,49.96,6.06
Margate,10,GB,1650150742,81,51.3813,1.3862,52.3,1.99
Barcelos,66,PT,1650150742,92,41.5388,-8.6151,57.92,2.55
Huarmey,81,PE,1650150742,79,-10.0681,-78.1522,69.19,12.3
Mossamedes,41,AO,1650150743,75,-15.1961,12.1522,73.33,7.29
Lázaro Cárdenas,36,MX,1650150743,60,17.9583,-102.2,81.39,10.16
Kawalu,54,ID,1650150743,97,-7.3817,108.2082,71.85,1.16
Erdemli,20,TR,1650150743,60,36.605,34.3084,67.19,1.45
Boissevain,71,CA,1650150744,84,49.2306,-100.0559,28.63,3.42
Lixouri,88,GR,1650150744,64,38.2019,20.4314,61.12,11.34
São Geraldo do Araguaia,14,BR,1650150744,95,-6.4006,-48.555,75.06,0.63
Sitka,40,US,1650150744,53,57.0531,-135.33,44.49,8.05
Kiryat Gat,32,IL,1650150745,17,31.61,34.7642,68.4,1.9
Moose Factory,100,CA,1650150745,93,51.2585,-80.6094,31.98,8.05
Cap Malheureux,16,MU,1650150746,86,-19.9842,57.6142,77.47,5.99
Bealanana,77,MG,1650150747,91,-14.55,48.7333,62.1,4.41
Chicama,55,PE,1650150747,75,-7.8447,-79.1469,63.14,9.19
Tsybli,100,UA,1650150747,71,49.9948,31.5628,40.8,11.48
Mgandu,100,TZ,1650150747,98,-5.95,34.1333,59.31,3.31
Boguchany,100,RU,1650150748,95,58.3814,97.4531,36.82,5.32
Weihe,100,CN,1650150748,90,32.9952,105.3247,43.34,3.33
Guiratinga,68,BR,1650150749,68,-16.3494,-53.7583,76.08,3.02
Kita,77,ML,1650150749,23,13.0349,-9.4895,89.51,2.24
Mitsamiouli,21,KM,1650150749,78,-11.3847,43.2844,81.54,4.94
Nālūt,28,LY,1650150749,67,30.3333,10.85,55.6,7.76
Albury,34,AU,1650150565,91,-36.0833,146.9167,68.74,1.01
Kushiro,1,JP,1650150646,65,42.975,144.3747,41.38,7.0
Lons,0,FR,1650150750,93,43.3167,-0.4,55.62,2.3
Chunoyar,100,RU,1650150750,96,57.4467,97.3217,35.31,3.89
Yulin,100,CN,1650150751,89,22.6333,110.15,59.67,5.26
Rožňava,10,SK,1650150751,74,48.6601,20.5376,38.08,7.45
Longhua,100,CN,1650150751,81,23.6137,114.1919,60.8,3.09
Anchorage,100,US,1650150752,53,61.2181,-149.9003,45.48,6.91
Atasū,100,KZ,1650150752,22,48.6814,71.6433,55.13,6.76
Doumé,39,CM,1650150752,85,4.2333,13.45,71.53,1.86
Kearney,0,US,1650150753,24,40.6995,-99.0815,50.56,11.5
Nome,100,US,1650150753,69,64.5011,-165.4064,34.16,21.85
Los Llanos de Aridane,0,ES,1650150753,77,28.6585,-17.9182,62.35,11.5
Ponta Delgada,20,PT,1650150754,88,37.7333,-25.6667,61.52,12.66
Makakilo City,100,US,1650150754,73,21.3469,-158.0858,77.32,16.11
Aripuanã,95,BR,1650150755,98,-9.1667,-60.6333,74.7,1.21
Tomatlán,100,MX,1650150755,25,19.9333,-105.25,91.85,6.96
Khani,2,GE,1650150755,75,41.9563,42.9566,35.17,6.91
Turukhansk,100,RU,1650150756,99,65.8167,87.9833,35.26,21.54
Svobodnyy,65,RU,1650150756,55,51.4,128.1333,35.85,15.19
Sola,83,VU,1650150756,71,-13.8833,167.55,81.95,3.33
Laguna,20,US,1650150756,57,38.421,-121.4238,72.14,11.5
Abapó,1,BO,1650150756,56,-18.8333,-63.4667,59.5,0.89
Guerrero Negro,93,MX,1650150757,66,27.9769,-114.0611,66.13,22.46
Bakel,49,SN,1650150757,11,14.905,-12.4568,93.92,11.39
Shimsk,23,RU,1650150757,91,58.212,30.7127,29.14,5.55
Tirumullaivāsal,93,IN,1650150757,79,11.2333,79.8333,83.26,11.01
Laas,36,IT,1650150758,82,46.6166,10.7002,42.37,6.64
Bilma,17,NE,1650150758,10,18.6853,12.9164,85.86,9.44
Haapiti,10,PF,1650150758,71,-17.5667,-149.8667,87.53,10.36
Turaif,2,SA,1650150758,17,31.6725,38.6637,61.63,9.73
Loandjili,24,CG,1650150758,90,-4.7561,11.8578,78.04,4.61
Rawson,0,AR,1650150759,65,-43.3002,-65.1023,55.85,10.18
Otatitlán,23,MX,1650150759,31,18.2,-96.0333,98.44,15.75
Broadstairs,10,GB,1650150759,79,51.3591,1.4394,52.2,1.99
Philadelphia,75,US,1650150759,40,39.9523,-75.1638,73.42,13.8
Osakarovka,100,KZ,1650150760,52,50.565,72.5692,54.43,5.64
Pimentel,0,PE,1650150760,73,-6.8367,-79.9342,68.29,24.16
Sibu,98,MY,1650150760,98,2.3,111.8167,74.41,1.59
Caconda,100,AO,1650150760,90,-13.7333,15.0667,61.95,1.01
Udachny,100,RU,1650150529,86,66.4167,112.4,28.45,15.9
Tarauacá,49,BR,1650150761,95,-8.1614,-70.7656,74.23,1.63
Zahir Pir,60,PK,1650150761,7,28.8124,70.524,83.37,5.53
Jumla,0,NP,1650150761,60,29.2747,82.1838,43.81,5.86
Yashalta,39,RU,1650150761,77,46.3395,42.2762,49.01,6.31
Amahai,96,ID,1650150762,77,-3.3333,128.9167,80.78,2.59
Kasimov,100,RU,1650150762,96,54.9411,41.3953,33.31,13.49
San Quintín,0,MX,1650150762,65,30.4833,-115.95,65.08,21.14
Komsomol'skoye,100,RU,1650150762,78,55.2567,47.5461,39.36,16.4
High Rock,1,BS,1650150763,71,26.6208,-78.2833,78.82,11.65
Mogocha,39,RU,1650150763,58,53.7333,119.7667,22.96,2.8
Hammerfest,100,NO,1650150764,93,70.6634,23.6821,39.65,21.85
Wasilla,100,US,1650150764,44,61.5814,-149.4394,46.29,5.99
Fort Nelson,100,CA,1650150764,80,58.8053,-122.7002,20.14,8.14
Vila Velha,0,BR,1650150764,76,-20.3297,-40.2925,75.15,11.5
Okhotsk,96,RU,1650150765,82,59.3833,143.3,19.42,11.5
Maamba,93,ZM,1650150765,92,-17.3667,27.15,67.8,1.9
Homer,100,US,1650150765,56,59.6425,-151.5483,44.49,4.61
Santa Rosa del Sur,100,CO,1650150765,87,7.9644,-74.0544,74.25,3.49
